action_id,library_category,library_name
town_center,tech,城镇中心
house,tech,房屋
farm,tech,农田
mill,tech,磨坊
lumber_camp,tech,伐木场
mining_camp,tech,采矿场
barracks,tech,兵营
archery_range,tech,靶场
stable,tech,马厩
blacksmith,tech,铁匠铺
university,tech,大学
outpost,tech,哨站
palisade_wall,tech,木栅栏
stone_wall,tech,石墙
palisade_gate,tech,木城门
stone_gate,tech,石墙城门
dock,tech,码头
market,tech,市场
monastery,tech,修道院
keep,tech,城堡
siege_workshop,tech,攻城武器厂
villager,tech,村民
imperial_official,tech,朝廷命官
scout,tech,侦察兵
spearman,tech,长矛兵
man_at_arms,tech,武士
palace_guard,tech,皇宫卫兵
archer,tech,步弓手
longbow,tech,长弓兵
zhuge_nu,tech,诸葛弩手
fire_lancer,tech,火长矛骑兵
grenadier,tech,掷弹兵
crossbowman,tech,弩手
arbaletrier,tech,弓弩手
horseman,tech,骑手
knight,tech,骑士
royal_knight,tech,皇家骑士
battering_ram,tech,攻城锤
trebuchet,tech,投石机
handcannoneer,tech,火枪兵
mangonel,tech,轻型投石车
springald,tech,扭力弩炮
bombard,tech,手推炮
cannon,tech,加农炮
nest_of_bees,tech,一窝蜂
siege_tower,tech,攻城塔
fishing_boat,tech,渔船
warship,tech,战船
springald_ship,tech,扭力弩炮船
incendiary_ship,tech,爆破船
arrow_ship,tech,箭船
transport_ship,tech,运输船
trader,tech,商人
monk,tech,僧侣
forged_weapons,tech,珩磨剑刃
veteran_training,tech,军事战术训练
archery_drill,tech,精准训练
cavalry_husbandry,tech,驯马
melee_attack_2,tech,熟铁块吹炼法
melee_attack_3,tech,脱碳
melee_attack_4,tech,大马士革钢
ranged_attack_2,tech,钢制箭头
ranged_attack_3,tech,平衡炮弹
ranged_attack_4,tech,箭头穿孔板甲
melee_armor_2,tech,合身皮具
melee_armor_3,tech,绝缘头盔
melee_armor_4,tech,铁匠大师
ranged_armor_2,tech,铁制底网
ranged_armor_3,tech,楔形铆钉
ranged_armor_4,tech,斜面
military_academy,tech,军事学院
enclosures,tech,圈地
horticulture,tech,园艺学
double_broadaxe,tech,双阔斧
specialized_pick,tech,特制矿锄
siege_works,tech,攻城工程学
elite_army_tactics,tech,精锐军队战术
armored_hull,tech,装甲船身
shipwrights,tech,造船工
eng_council_hall,tech,议会厅
eng_kings_mill,tech,列王修道院
eng_white_tower,tech,白塔
eng_abbey,tech,王宫
eng_berkshire_fortress,tech,伯克郡宫殿
eng_wynguard_palace,tech,温嘉德宫殿
fr_school_of_cavalry,tech,骑兵学校
fr_chamber_of_commerce,tech,商会
fr_royal_institute,tech,皇家学院
fr_guild_hall,tech,公会大厅
fr_red_palace,tech,红宫
fr_college_of_artillery,tech,炮兵学院
zh_imperial_academy,tech,翰林院
zh_barbican,tech,烈日瓮城
zh_clocktower,tech,天文钟楼
zh_imperial_palace,tech,皇宫
zh_gatehouse,tech,长城门楼
zh_spirit_way,tech,皇陵
rank_spearman_3,upgrade,升级到老练长矛兵
rank_spearman_4,upgrade,升级到精锐长矛兵
rank_palace_guard_4,upgrade,升级到精锐皇宫卫兵
rank_archer_3,upgrade,升级到老练步弓手
rank_archer_4,upgrade,升级到精锐步弓手
rank_longbow_3,upgrade,升级到老练长弓兵
rank_longbow_4,upgrade,升级到精锐长弓兵
rank_zhuge_nu_3,upgrade,升级到老练诸葛弩手
rank_zhuge_nu_4,upgrade,升级到精锐诸葛弩手
rank_fire_lancer_4,upgrade,升级到精锐火长矛骑兵
rank_crossbowman_4,upgrade,升级到精锐弩手
rank_horseman_3,upgrade,升级到老练骑手
rank_horseman_4,upgrade,升级到精锐骑手
rank_knight_4,upgrade,升级到精锐骑士
rank_royal_knight_3,upgrade,升级到老练皇家骑士
rank_royal_knight_4,upgrade,升级到精锐皇家骑士
